	Anchor 1	Anchor 2	Alternative 1.1	Alternative 1.2	Correct Alternative	ID	# Votes out of 5 for Correct Alternative	style type
0	proud :) LINK/MEDIA	proud ğŸ˜€ LINK/MEDIA	Why are you so cute? â€” plsss you're cuter !! REMOVEDEMOTICON\nWho are you anyway ?! ğŸ˜® LINK/MEDIA	Why are you so cute? â€” plsss you're cuter !! REMOVEDEMOTICON\nWho are you anyway ?! :O LINK/MEDIA	2	QQ_emote0-emoji0_emoji40-emote40--1		emotives
1	Looks like $Beam decided to come out n play ğŸ˜€\n\n#PrivacyMatters LINK/MEDIA	Looks like $Beam decided to come out n play :)\n\n#PrivacyMatters LINK/MEDIA	OBO le wan lere  :) LINK/MEDIA	OBO le wan lere  ğŸ™‚ LINK/MEDIA	2	QQ_emoji1-emote1_emote120-emoji120--1		emotives
2	MENTION u can try it now :) MENTION MENTION MENTION MENTION MENTION MENTION MENTION MENTION MENTION MENTION MENTION MENTION MENTION MENTION	MENTION u can try it now ğŸ˜€ MENTION MENTION MENTION MENTION MENTION MENTION MENTION MENTION MENTION MENTION MENTION MENTION MENTION MENTION	I AM BUZZING WITH THIS!! MENTION 2022/23 HOME SHIRT!!\n\nTHANK YOU MENTION REMOVEDEMOTICON \n\nGuys please head over and send them some love REMOVEDEMOTICON\n\npromo code coming soon ğŸ˜˜ LINK/MEDIA	I AM BUZZING WITH THIS!! MENTION 2022/23 HOME SHIRT!!\n\nTHANK YOU MENTION REMOVEDEMOTICON \n\nGuys please head over and send them some love REMOVEDEMOTICON\n\npromo code coming soon ;) LINK/MEDIA	2	QQ_emote2-emoji2_emoji60-emote60--1		emotives
3	MENTION MENTION MENTION MENTION MENTION MENTION MENTION MENTION MENTION MENTION MENTION Indeed you can ğŸ˜€	MENTION MENTION MENTION MENTION MENTION MENTION MENTION MENTION MENTION MENTION MENTION Indeed you can :)	MENTION I tried a new bowl at chipotle ğŸ™‚	MENTION I tried a new bowl at chipotle :)	1	QQ_emoji3-emote3_emoji16-emote16--0		emotives
4	MENTION just dont play tdm, its shit af :)	MENTION just dont play tdm, its shit af ğŸ˜Š	MENTION Who :o	MENTION Who ğŸ˜®	1	QQ_emote4-emoji4_emote27-emoji27--0		emotives
5	MENTION thank you â˜ºï¸	MENTION thank you :)	MENTION hello Marian. Have just discovered you and have bought three books. Watermelon. This Charming Man and The Mystery of Mercy Close. I watched you on Imagine and was fascinated as I have had a similar life. Is there a certain order to read your books?  All the best ğŸ˜€.	MENTION hello Marian. Have just discovered you and have bought three books. Watermelon. This Charming Man and The Mystery of Mercy Close. I watched you on Imagine and was fascinated as I have had a similar life. Is there a certain order to read your books?  All the best :).	1	QQ_emoji5-emote5_emoji111-emote111--0		emotives
6	Getting ready for later:) LINK/MEDIA	Getting ready for laterâ˜ºï¸ LINK/MEDIA	New Music Friday: In this Weekâ€™s edition we have MENTION MENTION MENTION MENTION MENTION who blessed us with Albums/EPâ€™s.\n\nWeâ€™re blessed with singles from your favorites, enjoy ;) LINK/MEDIA	New Music Friday: In this Weekâ€™s edition we have MENTION MENTION MENTION MENTION MENTION who blessed us with Albums/EPâ€™s.\n\nWeâ€™re blessed with singles from your favorites, enjoy ğŸ˜‰ LINK/MEDIA	1	QQ_emote6-emoji6_emote163-emoji163--0		emotives
7	took these pics of the sky at work on sunday :) LINK/MEDIA	took these pics of the sky at work on sunday ğŸ˜ LINK/MEDIA	ok im rest assured now after seeing the pics:OREMOVEDEMOJI HAHAHAHAH wait let me find my twt tu LINK/MEDIA	ok im rest assured now after seeing the picsğŸ˜®REMOVEDEMOJI HAHAHAHAH wait let me find my twt tu LINK/MEDIA	1	QQ_emote7-emoji7_emote149-emoji149--0		emotives
8	Hereâ€™s the release!\n\nLINK/MEDIA\n\nWorks on any iOS version since iOS 10! ğŸ˜€ LINK/MEDIA	Hereâ€™s the release!\n\nLINK/MEDIA\n\nWorks on any iOS version since iOS 10! :) LINK/MEDIA	MENTION Oh dear. REMOVEDEMOJI I'm not sure the effect you mean. :/ If it's bad, should I not release any more?	MENTION Oh dear. REMOVEDEMOJI I'm not sure the effect you mean. ğŸ¤” If it's bad, should I not release any more?	2	QQ_emoji8-emote8_emote198-emoji198--1		emotives
9	grabe naging end of may and start of june ko dahil sayo fpd :)	grabe naging end of may and start of june ko dahil sayo fpd ğŸ˜	MENTION True. Learning is constant. Everyone is a teacher. By this message, I learnt to be safe online ğŸ˜	MENTION True. Learning is constant. Everyone is a teacher. By this message, I learnt to be safe online :)	2	QQ_emote9-emoji9_emoji116-emote116--1		emotives
10	MENTION ExtrağŸ˜€ trolling ğŸ™‚ğŸ™‚	MENTION Extra:) trolling :))	MENTION :O noice!	MENTION ğŸ˜² noice!	2	QQ_emoji10-emote10_emote39-emoji39--1		emotives
11	iâ€™ve seen a couple of people do this so moots whatâ€™s your flag/flags?! this is mine :) LINK/MEDIA	iâ€™ve seen a couple of people do this so moots whatâ€™s your flag/flags?! this is mine â˜ºï¸ LINK/MEDIA	grabe naging end of may and start of june ko dahil sayo fpd :)	grabe naging end of may and start of june ko dahil sayo fpd ğŸ˜	1	QQ_emote11-emoji11_emote9-emoji9--0		emotives
12	MENTION Yeah I was impressed by that translation macro! Very interesting stuff ğŸ˜€	MENTION Yeah I was impressed by that translation macro! Very interesting stuff :)	lost ntc , couldâ€™ve lasted but it was 3 days so pointless. i only had 5 hrs left but aye i had fun :OREMOVEDEMOJI	lost ntc , couldâ€™ve lasted but it was 3 days so pointless. i only had 5 hrs left but aye i had fun ğŸ˜®REMOVEDEMOJI	2	QQ_emoji12-emote12_emote147-emoji147--1		emotives
13	Is 8 Inches Enough For You:) #nsfwtw #nsfwtwt #nsfwtwtï¾Ÿ LINK/MEDIA	Is 8 Inches Enough For YouğŸ˜€ #nsfwtw #nsfwtwt #nsfwtwtï¾Ÿ LINK/MEDIA	MENTION will you be getting the doctor strange in the multiverse if madness scarlet witch hot toy in ? I canâ€™t find anywhere in the UK to pre order it :/	MENTION will you be getting the doctor strange in the multiverse if madness scarlet witch hot toy in ? I canâ€™t find anywhere in the UK to pre order it ğŸ¤”	1	QQ_emote13-emoji13_emote90-emoji90--0		emotives
14	MENTION MENTION hiii i followed you :)	MENTION MENTION hiii i followed you ğŸ˜	the poor dog ğŸ¤” LINK/MEDIA	the poor dog :/ LINK/MEDIA	2	QQ_emote14-emoji14_emoji75-emote75--1		emotives
15	MENTION ????ğŸ˜ŠREMOVEDEMOTICONğŸ˜€REMOVEDEMOTICONREMOVEDEMOTICON omg tysm	MENTION ????:)REMOVEDEMOTICON:)REMOVEDEMOTICONREMOVEDEMOTICON omg tysm	OBO le wan lere  :) LINK/MEDIA	OBO le wan lere  ğŸ™‚ LINK/MEDIA	2	QQ_emoji15-emote15_emote120-emoji120--1		emotives
16	MENTION I tried a new bowl at chipotle :)	MENTION I tried a new bowl at chipotle ğŸ™‚	MENTION True. Which I'm not REMOVEDEMOJI:/	MENTION True. Which I'm not REMOVEDEMOJIğŸ¤”	1	QQ_emote16-emoji16_emote199-emoji199--0		emotives
17	MENTION Thanks! I actually want to trade it for a smollskull, so I put a price a can buy a smol after sell immediately ğŸ˜Š	MENTION Thanks! I actually want to trade it for a smollskull, so I put a price a can buy a smol after sell immediately :)	But there is still one question that remains, did she die doing this or survive? ğŸ¤”ğŸ¤”ğŸ¤”ğŸ¤”ğŸ˜€REMOVEDEMOJI MENTION MENTION MENTION MENTION MENTION #WandaMaximoff #ScarletWitch LINK/MEDIA	But there is still one question that remains, did she die doing this or survive? :////:)REMOVEDEMOJI MENTION MENTION MENTION MENTION MENTION #WandaMaximoff #ScarletWitch LINK/MEDIA	1	QQ_emoji17-emote17_emoji193-emote193--0		emotives
18	MENTION I know nothing bout ya but your attractive 4 certain. :)	MENTION I know nothing bout ya but your attractive 4 certain. ğŸ™‚	MENTION Good morning sweet Ronnie, have a beautiful day. Loadsa love and hugs to you ;]REMOVEDEMOJI LINK/MEDIA	MENTION Good morning sweet Ronnie, have a beautiful day. Loadsa love and hugs to you ğŸ˜˜REMOVEDEMOJI LINK/MEDIA	1	QQ_emote18-emoji18_emote159-emoji159--0		emotives
19	MENTION If you want to buy nft at an affordable price, I am waiting for you on my page, the link is below ğŸ˜€\nLINK/MEDIA	MENTION If you want to buy nft at an affordable price, I am waiting for you on my page, the link is below :)\nLINK/MEDIA	MENTION Growing your platform on twitch means playing by the rules of twitch and now I canâ€™t do that ğŸ¤”	MENTION Growing your platform on twitch means playing by the rules of twitch and now I canâ€™t do that :/	1	QQ_emoji19-emote19_emoji98-emote98--0		emotives
20	MENTION Surprise me :) LINK/MEDIA	MENTION Surprise me ğŸ˜Š LINK/MEDIA	I seriously question if anyone actually loves me or if they love the things I can provide :/	I seriously question if anyone actually loves me or if they love the things I can provide ğŸ¤”	1	QQ_emote20-emoji20_emote87-emoji87--0		emotives
21	MENTION That's why I have more than one computer. :-)	MENTION That's why I have more than one computer. ğŸ˜€	women who are into poetry (and literature in general) are so sexy :oREMOVEDEMOJI	women who are into poetry (and literature in general) are so sexy ğŸ˜®REMOVEDEMOJI	1	QQ_emote21-emoji21_emote135-emoji135--0		emotives
22	MENTION hii ğŸ˜ LINK/MEDIA	MENTION hii :] LINK/MEDIA	my roommate can't actually sneeze he can only fake sneeze :o	my roommate can't actually sneeze he can only fake sneeze ğŸ˜®	2	QQ_emoji22-emote22_emote48-emoji48--1		emotives
23	Visit our friends at MENTION to maintain that great smile of yours. ğŸ˜Š \n#nationalsmileday LINK/MEDIA	Visit our friends at MENTION to maintain that great smile of yours. :) \n#nationalsmileday LINK/MEDIA	MENTION Yeah I was impressed by that translation macro! Very interesting stuff ğŸ˜€	MENTION Yeah I was impressed by that translation macro! Very interesting stuff :)	1	QQ_emoji23-emote23_emoji12-emote12--0		emotives
24	MENTION Morning Squeak ğŸ˜	MENTION Morning Squeak :)	Song Lyrics & Own Story Plays Big Part In My Answer Sheets :))REMOVEDEMOJI#TamilMemes #GDvignesh LINK/MEDIA	Song Lyrics & Own Story Plays Big Part In My Answer Sheets ğŸ˜€ğŸ˜€REMOVEDEMOJI#TamilMemes #GDvignesh LINK/MEDIA	2	QQ_emoji24-emote24_emote106-emoji106--1		emotives
25	"MENTION ""You're confused about math?"" :O"	"MENTION ""You're confused about math?"" ğŸ˜®"	MENTION Thank you :);3:)	MENTION Thank you ğŸ˜ğŸ˜˜ğŸ™‚	1	QQ_emote25-emoji25_emote174-emoji174--0		emotives
26	MENTION LMFAOOLOOOOOOOOOO what do u call fishes poopğŸ˜¯	MENTION LMFAOOLOOOOOOOOOO what do u call fishes poop:o	Ass ğŸ˜‰ #nsfwtwt LINK/MEDIA	Ass ;) #nsfwtwt LINK/MEDIA	1	QQ_emoji26-emote26_emoji71-emote71--0		emotives
27	MENTION Who ğŸ˜®	MENTION Who :o	Going to the beach today. I'm already dressed in my swimming costume underneath my clothes.\nI'm so excited. I feel like a kid REMOVEDEMOJI:)REMOVEDEMOJI	Going to the beach today. I'm already dressed in my swimming costume underneath my clothes.\nI'm so excited. I feel like a kid REMOVEDEMOJIğŸ˜REMOVEDEMOJI	2	QQ_emoji27-emote27_emote107-emoji107--1		emotives
28	MENTION what the Oat do ğŸ˜®	MENTION what the Oat do :o	iâ€™ve seen a couple of people do this so moots whatâ€™s your flag/flags?! this is mine :) LINK/MEDIA	iâ€™ve seen a couple of people do this so moots whatâ€™s your flag/flags?! this is mine â˜ºï¸ LINK/MEDIA	2	QQ_emoji28-emote28_emote11-emoji11--1		emotives
29	Yâ€™all itâ€™s crazy how in season 2 of stranger things they basically teased season 4 in the scene where will had to talk to them through Morse code and the only way he couldâ€™ve contacted them was while his favorite song  was playing ğŸ˜®	Yâ€™all itâ€™s crazy how in season 2 of stranger things they basically teased season 4 in the scene where will had to talk to them through Morse code and the only way he couldâ€™ve contacted them was while his favorite song  was playing :o	MENTION It was exactly like that!â€¦with the addition of me shouting â€˜SLAAAGâ€™ out the fanlight window ğŸ˜‰	MENTION It was exactly like that!â€¦with the addition of me shouting â€˜SLAAAGâ€™ out the fanlight window ;)	1	QQ_emoji29-emote29_emoji167-emote167--0		emotives
30	MENTION is it okay  if we make stickers and designs with this flag ? , I really wanna do it for pride month :o	MENTION is it okay  if we make stickers and designs with this flag ? , I really wanna do it for pride month ğŸ˜®	MENTION Next step: banning masturbation. Spermatozoids are alive as well. And how about ovulation? Eggs, you know... or it was the hen first?:/	MENTION Next step: banning masturbation. Spermatozoids are alive as well. And how about ovulation? Eggs, you know... or it was the hen first?ğŸ¤”	1	QQ_emote30-emoji30_emote179-emoji179--0		emotives
31	MENTION OH ğŸ˜®	MENTION OH :o	"MENTION ""You're confused about math?"" :O"	"MENTION ""You're confused about math?"" ğŸ˜®"	2	QQ_emoji31-emote31_emote25-emoji25--1		emotives
32	MENTION omg hi r u looking for a concert buddy ?? :o	MENTION omg hi r u looking for a concert buddy ?? ğŸ˜®	just tested positive for covid ğŸ¤” i was at the st augustine phoebe concert in section 201 and i def got it there so if any of yâ€™all were there and u feel sick plz get tested	just tested positive for covid :/ i was at the st augustine phoebe concert in section 201 and i def got it there so if any of yâ€™all were there and u feel sick plz get tested	2	QQ_emote32-emoji32_emoji88-emote88--1		emotives
33	MENTION ğŸ˜® how cool is that!!	MENTION :O how cool is that!!	MENTION Happy hunky sexy Teddy day!!;))REMOVEDEMOJI	MENTION Happy hunky sexy Teddy day!!ğŸ˜˜ğŸ˜˜REMOVEDEMOJI	2	QQ_emoji33-emote33_emote171-emoji171--1		emotives
34	MENTION ğŸ˜²\nIts yours too??!?!?!?	MENTION :O\nIts yours too??!?!?!?	MENTION I was researching sunscreens and found this one brand called sun milk :/	MENTION I was researching sunscreens and found this one brand called sun milk ğŸ¤”	2	QQ_emoji34-emote34_emote80-emoji80--1		emotives
35	MENTION Oh my, how will the world keep going???? :O	MENTION Oh my, how will the world keep going???? ğŸ˜¯	Is 8 Inches Enough For You:) #nsfwtw #nsfwtwt #nsfwtwtï¾Ÿ LINK/MEDIA	Is 8 Inches Enough For YouğŸ˜€ #nsfwtw #nsfwtwt #nsfwtwtï¾Ÿ LINK/MEDIA	1	QQ_emote35-emoji35_emote13-emoji13--0		emotives
36	commissions will be temporarily closed for july/august since i wont have access to my tablet those months :O i may open simple 3d commissions if i practice a little more though	commissions will be temporarily closed for july/august since i wont have access to my tablet those months ğŸ˜® i may open simple 3d commissions if i practice a little more though	MENTION Eh l don't  think l like the smell dirt part Wei.ğŸ¤”	MENTION Eh l don't  think l like the smell dirt part Wei.:/	2	QQ_emote36-emoji36_emoji186-emote186--1		emotives
37	MENTION YOOOO REMOVEDEMOTICON however i hope im not intimidating ğŸ˜®	MENTION YOOOO REMOVEDEMOTICON however i hope im not intimidating :o	MENTION MENTION MENTION Just aswell ffp doesn't take wages into consideration ey :/REMOVEDEMOJI	MENTION MENTION MENTION Just aswell ffp doesn't take wages into consideration ey ğŸ¤”REMOVEDEMOJI	2	QQ_emoji37-emote37_emote183-emoji183--1		emotives
38	MENTION Texture amazing on this one ğŸ˜®	MENTION Texture amazing on this one :o	....MENTION  It seems like any traffic generated by personal promotion on social media no longer counts as a view under the new system....is this correct?! REMOVEDEMOJIğŸ˜ŸREMOVEDEMOJI	....MENTION  It seems like any traffic generated by personal promotion on social media no longer counts as a view under the new system....is this correct?! REMOVEDEMOJI:/REMOVEDEMOJI	1	QQ_emoji38-emote38_emoji185-emote185--0		emotives
39	MENTION :O noice!	MENTION ğŸ˜² noice!	New Music Friday: In this Weekâ€™s edition we have MENTION MENTION MENTION MENTION MENTION who blessed us with Albums/EPâ€™s.\n\nWeâ€™re blessed with singles from your favorites, enjoy ;) LINK/MEDIA	New Music Friday: In this Weekâ€™s edition we have MENTION MENTION MENTION MENTION MENTION who blessed us with Albums/EPâ€™s.\n\nWeâ€™re blessed with singles from your favorites, enjoy ğŸ˜‰ LINK/MEDIA	1	QQ_emote39-emoji39_emote163-emoji163--0		emotives
40	Why are you so cute? â€” plsss you're cuter !! REMOVEDEMOTICON\nWho are you anyway ?! :O LINK/MEDIA	Why are you so cute? â€” plsss you're cuter !! REMOVEDEMOTICON\nWho are you anyway ?! ğŸ˜® LINK/MEDIA	OBO le wan lere  ğŸ™‚ LINK/MEDIA	OBO le wan lere  :) LINK/MEDIA	2	QQ_emote40-emoji40_emoji120-emote120--1		emotives
41	MENTION MENTION Wow, it actually happened :o I didn't think it would come true REMOVEDEMOTICON, delta and engis world domination is starting how Delgis	MENTION MENTION Wow, it actually happened REMOVEDEMOTICON I didn't think it would come true REMOVEDEMOTICON, delta and engis world domination is starting how Delgis	MENTION ????:)REMOVEDEMOTICON:)REMOVEDEMOTICONREMOVEDEMOTICON omg tysm	MENTION ????ğŸ˜ŠREMOVEDEMOTICONğŸ˜€REMOVEDEMOTICONREMOVEDEMOTICON omg tysm	1	QQ_emote41-emoji41_emote15-emoji15--0		emotives
42	staggedduo art in like, 10 minutes :O	staggedduo art in like, 10 minutes ğŸ˜®	I AM BUZZING WITH THIS!! MENTION 2022/23 HOME SHIRT!!\n\nTHANK YOU MENTION REMOVEDEMOTICON \n\nGuys please head over and send them some love REMOVEDEMOTICON\n\npromo code coming soon ğŸ˜˜ LINK/MEDIA	I AM BUZZING WITH THIS!! MENTION 2022/23 HOME SHIRT!!\n\nTHANK YOU MENTION REMOVEDEMOTICON \n\nGuys please head over and send them some love REMOVEDEMOTICON\n\npromo code coming soon ;) LINK/MEDIA	2	QQ_emote42-emoji42_emoji60-emote60--1		emotives
43	omg 50 followers already ğŸ˜² woaa	omg 50 followers already :o woaa	helllooo ğŸ˜‰ğŸ˜‰ #nsfwtwt LINK/MEDIA	helllooo ;)) #nsfwtwt LINK/MEDIA	1	QQ_emoji43-emote43_emoji55-emote55--0		emotives
44	MENTION :o I'm an og then :O	MENTION ğŸ˜® I'm an og then ğŸ˜¯	Why are you so cute? â€” plsss you're cuter !! REMOVEDEMOTICON\nWho are you anyway ?! ğŸ˜® LINK/MEDIA	Why are you so cute? â€” plsss you're cuter !! REMOVEDEMOTICON\nWho are you anyway ?! :O LINK/MEDIA	2	QQ_emote44-emoji44_emoji40-emote40--1		emotives
45	MENTION why do you think so ğŸ˜¯	MENTION why do you think so :o	that blueface situation is lame as hell tbh. you get no cool points for telling ya gf to whoop ya moms or sister :/	that blueface situation is lame as hell tbh. you get no cool points for telling ya gf to whoop ya moms or sister ğŸ¤”	2	QQ_emoji45-emote45_emote85-emoji85--1		emotives
46	MENTION That mokokoğŸ˜® I neeeddd	MENTION That mokoko:O I neeeddd	MENTION Doesnâ€™t make the product stand out in any way :/	MENTION Doesnâ€™t make the product stand out in any way ğŸ¤”	2	QQ_emoji46-emote46_emote78-emoji78--1		emotives
47	oh :o LINK/MEDIA	oh ğŸ˜® LINK/MEDIA	MENTION MENTION Good morning to you too. Amazing collection. Beautiful colors and lovely details. REMOVEDEMOJI:]	MENTION MENTION Good morning to you too. Amazing collection. Beautiful colors and lovely details. REMOVEDEMOJIğŸ˜Š	1	QQ_emote47-emoji47_emote101-emoji101--0		emotives
48	my roommate can't actually sneeze he can only fake sneeze ğŸ˜®	my roommate can't actually sneeze he can only fake sneeze :o	women who are into poetry (and literature in general) are so sexy ğŸ˜®REMOVEDEMOJI	women who are into poetry (and literature in general) are so sexy :oREMOVEDEMOJI	1	QQ_emoji48-emote48_emoji135-emote135--0		emotives
49	MENTION :O! Thank you!!	MENTION ğŸ˜®! Thank you!!	women who are into poetry (and literature in general) are so sexy ğŸ˜®REMOVEDEMOJI	women who are into poetry (and literature in general) are so sexy :oREMOVEDEMOJI	2	QQ_emote49-emoji49_emoji135-emote135--1		emotives
50	thanks for checking&cheering me up when im @ my lowest my guys MENTION love u all hurots;;;))))	thanks for checking&cheering me up when im @ my lowest my guys MENTION love u all hurotsğŸ˜˜ğŸ˜˜ğŸ˜˜	not again :/	not again ğŸ¤”	1	QQ_emote50-emoji50_emote94-emoji94--0		emotives
51	Slavs donâ€™t do articles. Sorry Bulgarians, you are fake Slavs ğŸ˜‰ LINK/MEDIA	Slavs donâ€™t do articles. Sorry Bulgarians, you are fake Slavs ;) LINK/MEDIA	MENTION Please try to keep them sweet! ğŸ˜Š	MENTION Please try to keep them sweet! :)	1	QQ_emoji51-emote51_emoji124-emote124--0		emotives
52	MENTION MENTION yup, he's def. beating Zverev lol ğŸ˜˜	MENTION MENTION yup, he's def. beating Zverev lol ;)	MENTION omg hi r u looking for a concert buddy ?? ğŸ˜®	MENTION omg hi r u looking for a concert buddy ?? :o	1	QQ_emoji52-emote52_emoji32-emote32--0		emotives
53	MENTION MENTION But now, he is this ğŸ˜˜\nDo not question how I found this photo- LINK/MEDIA	MENTION MENTION But now, he is this ;)\nDo not question how I found this photo- LINK/MEDIA	Second interview today but my lazy eye wonâ€™t go away ğŸ¤”	Second interview today but my lazy eye wonâ€™t go away :/	1	QQ_emoji53-emote53_emoji81-emote81--0		emotives
54	MENTION All in good time ğŸ˜‰	MENTION All in good time ;)	MENTION ????:)REMOVEDEMOTICON:)REMOVEDEMOTICONREMOVEDEMOTICON omg tysm	MENTION ????ğŸ˜ŠREMOVEDEMOTICONğŸ˜€REMOVEDEMOTICONREMOVEDEMOTICON omg tysm	2	QQ_emoji54-emote54_emote15-emoji15--1		emotives
55	helllooo ğŸ˜‰ğŸ˜‰ #nsfwtwt LINK/MEDIA	helllooo ;)) #nsfwtwt LINK/MEDIA	"MENTION miss me with that it's not realistic bullshit because he doesn't have to come out to make it clear to the audience. it's not beautiful, it's the same lazy cop-out we see repeatedly. they like to dangle a weird-ass carrot like ""oop he could be gay but we never said he was ğŸ˜˜"""	"MENTION miss me with that it's not realistic bullshit because he doesn't have to come out to make it clear to the audience. it's not beautiful, it's the same lazy cop-out we see repeatedly. they like to dangle a weird-ass carrot like ""oop he could be gay but we never said he was ;)"""	1	QQ_emoji55-emote55_emoji65-emote65--0		emotives
56	MENTION MENTION 10 day is better than 60 ğŸ˜˜	MENTION MENTION 10 day is better than 60 ;)	MENTION what the Oat do :o	MENTION what the Oat do ğŸ˜®	2	QQ_emoji56-emote56_emote28-emoji28--1		emotives
57	MENTION If you could only mute one account that does this, which one would it be?ğŸ˜‰	MENTION If you could only mute one account that does this, which one would it be?;)	MENTION How are you supposed to start with kisses, when she continually says she hates your kisses...ğŸ¤”	MENTION How are you supposed to start with kisses, when she continually says she hates your kisses...:/	1	QQ_emoji57-emote57_emoji187-emote187--0		emotives
58	MENTION Not just on the 1st pick but on every pick they can study the possibilityğŸ˜˜	MENTION Not just on the 1st pick but on every pick they can study the possibility;)	MENTION terrible idea as per usual REMOVEDEMOJI whats every1 gonna do 2 months down the line when that 400 is spend on gas and electric ğŸ¤” useless twats REMOVEDEMOJI	MENTION terrible idea as per usual REMOVEDEMOJI whats every1 gonna do 2 months down the line when that 400 is spend on gas and electric :/ useless twats REMOVEDEMOJI	1	QQ_emoji58-emote58_emoji181-emote181--0		emotives
59	MENTION I would love to create some awesome designs for your merch/t-shirts! HMU! ;)	MENTION I would love to create some awesome designs for your merch/t-shirts! HMU! ğŸ˜‰	Iâ€™ve seen so many schools advertising multiple times for posts this year, every time I go onto tes itâ€™s the same schools. I apply each time and either hear nothing back or get told I am inexperiencedğŸ˜®	Iâ€™ve seen so many schools advertising multiple times for posts this year, every time I go onto tes itâ€™s the same schools. I apply each time and either hear nothing back or get told I am inexperienced:O	2	QQ_emote59-emoji59_emoji143-emote143--1		emotives
60	I AM BUZZING WITH THIS!! MENTION 2022/23 HOME SHIRT!!\n\nTHANK YOU MENTION REMOVEDEMOTICON \n\nGuys please head over and send them some love REMOVEDEMOTICON\n\npromo code coming soon ;) LINK/MEDIA	I AM BUZZING WITH THIS!! MENTION 2022/23 HOME SHIRT!!\n\nTHANK YOU MENTION REMOVEDEMOTICON \n\nGuys please head over and send them some love REMOVEDEMOTICON\n\npromo code coming soon ğŸ˜˜ LINK/MEDIA	MENTION ğŸ˜² noice!	MENTION :O noice!	2	QQ_emote60-emoji60_emoji39-emote39--1		emotives
61	MENTION Heccin Ky-utie~ ğŸ˜˜ This art style is adorable too~ REMOVEDEMOTICON	MENTION Heccin Ky-utie~ ;3 This art style is adorable too~ REMOVEDEMOTICON	MENTION ğŸ˜²\nIts yours too??!?!?!?	MENTION :O\nIts yours too??!?!?!?	1	QQ_emoji61-emote61_emoji34-emote34--0		emotives
62	MENTION My hexblade has crippling family expectation issues that create an intense need to prove himself. This mixes poorly with his equally intense need to make friends, because he grew up being groomed for taking power and surrounded entirely by adults. Strixhaven game, obviously ğŸ˜œ	MENTION My hexblade has crippling family expectation issues that create an intense need to prove himself. This mixes poorly with his equally intense need to make friends, because he grew up being groomed for taking power and surrounded entirely by adults. Strixhaven game, obviously ;)	MENTION Hey Ass why is it that every time you tweet I buy more? :/#AMC REMOVEDEMOJI	MENTION Hey Ass why is it that every time you tweet I buy more? ğŸ¤”#AMC REMOVEDEMOJI	2	QQ_emoji62-emote62_emote180-emoji180--1		emotives
63	MENTION MENTION MENTION MENTION MENTION It was sarcasm ;) the idea that a text is meant to prevent something is a bit too innocent :)	MENTION MENTION MENTION MENTION MENTION It was sarcasm ğŸ˜œ the idea that a text is meant to prevent something is a bit too innocent ğŸ˜€	They both wink in green ğŸ˜‰ğŸ˜‰	They both wink in green ;))	2	QQ_emote63-emoji63_emoji152-emote152--1		emotives
64	If you can dream it, you can do it! Be Confident! ğŸ˜˜ Teens_Adel	If you can dream it, you can do it! Be Confident! ;) Teens_Adel	MENTION will you be getting the doctor strange in the multiverse if madness scarlet witch hot toy in ? I canâ€™t find anywhere in the UK to pre order it ğŸ¤”	MENTION will you be getting the doctor strange in the multiverse if madness scarlet witch hot toy in ? I canâ€™t find anywhere in the UK to pre order it :/	1	QQ_emoji64-emote64_emoji90-emote90--0		emotives
65	"MENTION miss me with that it's not realistic bullshit because he doesn't have to come out to make it clear to the audience. it's not beautiful, it's the same lazy cop-out we see repeatedly. they like to dangle a weird-ass carrot like ""oop he could be gay but we never said he was ;)"""	"MENTION miss me with that it's not realistic bullshit because he doesn't have to come out to make it clear to the audience. it's not beautiful, it's the same lazy cop-out we see repeatedly. they like to dangle a weird-ass carrot like ""oop he could be gay but we never said he was ğŸ˜˜"""	"Why does d brain read ""Wtf"" in full and ""Lol"" in abbreviationREMOVEDEMOJI:O"	"Why does d brain read ""Wtf"" in full and ""Lol"" in abbreviationREMOVEDEMOJIğŸ˜®"	1	QQ_emote65-emoji65_emote127-emoji127--0		emotives
66	MENTION Haha let you enjoy a good boss battle ;)	MENTION Haha let you enjoy a good boss battle ğŸ˜˜	MENTION MENTION MENTION MENTION MENTION MENTION \nMENTION\nDone sir, i participateREMOVEDEMOJI:o	MENTION MENTION MENTION MENTION MENTION MENTION \nMENTION\nDone sir, i participateREMOVEDEMOJIğŸ˜®	1	QQ_emote66-emoji66_emote129-emoji129--0		emotives
67	MENTION glad u like it tho ğŸ˜˜	MENTION glad u like it tho ;]	MENTION Thats a very cute screensaver â˜ºï¸	MENTION Thats a very cute screensaver :)	1	QQ_emoji67-emote67_emoji122-emote122--0		emotives
68	MENTION MENTION Thank you so much, please send me a DM ğŸ˜˜	MENTION MENTION Thank you so much, please send me a DM ;)	But there is still one question that remains, did she die doing this or survive? :////:)REMOVEDEMOJI MENTION MENTION MENTION MENTION MENTION #WandaMaximoff #ScarletWitch LINK/MEDIA	But there is still one question that remains, did she die doing this or survive? ğŸ¤”ğŸ¤”ğŸ¤”ğŸ¤”ğŸ˜€REMOVEDEMOJI MENTION MENTION MENTION MENTION MENTION #WandaMaximoff #ScarletWitch LINK/MEDIA	2	QQ_emoji68-emote68_emote193-emoji193--1		emotives
69	MENTION MENTION MENTION 2 cases and 1 guilty. (I read the article.)  ğŸ˜‰	MENTION MENTION MENTION 2 cases and 1 guilty. (I read the article.)  ;)	MENTION Thats a very cute screensaver :)	MENTION Thats a very cute screensaver â˜ºï¸	2	QQ_emoji69-emote69_emote122-emoji122--1		emotives
70	MENTION I like millstones as punishment for those who harm children REMOVEDEMOTICON.. Millstone necklace, make em walk into the ocean ğŸ˜œ	MENTION I like millstones as punishment for those who harm children REMOVEDEMOTICON.. Millstone necklace, make em walk into the ocean ;)	MENTION will you be getting the doctor strange in the multiverse if madness scarlet witch hot toy in ? I canâ€™t find anywhere in the UK to pre order it ğŸ¤”	MENTION will you be getting the doctor strange in the multiverse if madness scarlet witch hot toy in ? I canâ€™t find anywhere in the UK to pre order it :/	1	QQ_emoji70-emote70_emoji90-emote90--0		emotives
71	Ass ;) #nsfwtwt LINK/MEDIA	Ass ğŸ˜‰ #nsfwtwt LINK/MEDIA	REMOVEDEMOJI:/REMOVEDEMOJI #knownews ##blockchain ##cryptocurrency #bitcoin #eth The case for Bitcoin as a hedge against inflation Bitcoin LINK/MEDIA	REMOVEDEMOJIğŸ¤”REMOVEDEMOJI #knownews ##blockchain ##cryptocurrency #bitcoin #eth The case for Bitcoin as a hedge against inflation Bitcoin LINK/MEDIA	1	QQ_emote71-emoji71_emote197-emoji197--0		emotives
72	MENTION MENTION MENTION MENTION Itâ€™s happened ;).	MENTION MENTION MENTION MENTION Itâ€™s happened ğŸ˜˜.	MENTION YOOOO REMOVEDEMOTICON however i hope im not intimidating ğŸ˜®	MENTION YOOOO REMOVEDEMOTICON however i hope im not intimidating :o	2	QQ_emote72-emoji72_emoji37-emote37--1		emotives
73	MENTION In ur fantasy u can ğŸ˜˜	MENTION In ur fantasy u can ;)	MENTION MENTION Really ğŸ˜²?	MENTION MENTION Really :O?	1	QQ_emoji73-emote73_emoji140-emote140--0		emotives
74	MENTION MENTION L**k out f*r Ninja! ;)	MENTION MENTION L**k out f*r Ninja! ğŸ˜œ	MENTION Love it! :-)	MENTION Love it! ğŸ˜€	1	QQ_emote74-emoji74_emote110-emoji110--0		emotives
75	the poor dog ğŸ¤” LINK/MEDIA	the poor dog :/ LINK/MEDIA	Dude wth?? I work at this mall omg thank god I got off at 8 yesterday  brooo people really robbed Sephora?? Wth ğŸ¤”ğŸ¤” LINK/MEDIA	Dude wth?? I work at this mall omg thank god I got off at 8 yesterday  brooo people really robbed Sephora?? Wth :// LINK/MEDIA	1	QQ_emoji75-emote75_emoji91-emote91--0		emotives
76	No stream tonight :/ sorry	No stream tonight ğŸ˜Ÿ sorry	ok im rest assured now after seeing the pics:OREMOVEDEMOJI HAHAHAHAH wait let me find my twt tu LINK/MEDIA	ok im rest assured now after seeing the picsğŸ˜®REMOVEDEMOJI HAHAHAHAH wait let me find my twt tu LINK/MEDIA	1	QQ_emote76-emoji76_emote149-emoji149--0		emotives
77	Feel like waking him up cause Iâ€™m bored ğŸ¤”	Feel like waking him up cause Iâ€™m bored :/	MENTION How are you supposed to start with kisses, when she continually says she hates your kisses...:/	MENTION How are you supposed to start with kisses, when she continually says she hates your kisses...ğŸ¤”	2	QQ_emoji77-emote77_emote187-emoji187--1		emotives
78	MENTION Doesnâ€™t make the product stand out in any way ğŸ¤”	MENTION Doesnâ€™t make the product stand out in any way :/	the poor dog ğŸ¤” LINK/MEDIA	the poor dog :/ LINK/MEDIA	1	QQ_emoji78-emote78_emoji75-emote75--0		emotives
79	some thoughts should be kept to yourself :/ LINK/MEDIA	some thoughts should be kept to yourself ğŸ¤” LINK/MEDIA	MENTION I like millstones as punishment for those who harm children REMOVEDEMOTICON.. Millstone necklace, make em walk into the ocean ;)	MENTION I like millstones as punishment for those who harm children REMOVEDEMOTICON.. Millstone necklace, make em walk into the ocean ğŸ˜œ	1	QQ_emote79-emoji79_emote70-emoji70--0		emotives
80	MENTION I was researching sunscreens and found this one brand called sun milk :/	MENTION I was researching sunscreens and found this one brand called sun milk ğŸ¤”	MENTION It really just fell out of her ğŸ˜®	MENTION It really just fell out of her :o	2	QQ_emote80-emoji80_emoji125-emote125--1		emotives
81	Second interview today but my lazy eye wonâ€™t go away ğŸ¤”	Second interview today but my lazy eye wonâ€™t go away :/	MENTION Texture amazing on this one :o	MENTION Texture amazing on this one ğŸ˜®	2	QQ_emoji81-emote81_emote38-emoji38--1		emotives
82	MENTION fr :/	MENTION fr ğŸ¤”	MENTION Yeah fire is superrrrrr scarce in a lot of regions ğŸ¤” but yeah I feel that! If I donâ€™t go fire I go water. Grass is a sleeper for sure too	MENTION Yeah fire is superrrrrr scarce in a lot of regions :/ but yeah I feel that! If I donâ€™t go fire I go water. Grass is a sleeper for sure too	2	QQ_emote82-emoji82_emoji89-emote89--1		emotives
83	MENTION .. i am always feeling stabby ğŸ¤”	MENTION .. i am always feeling stabby :/	MENTION MENTION MENTION MENTION MENTION Open up.  REMOVEDEMOJI :o	MENTION MENTION MENTION MENTION MENTION Open up.  REMOVEDEMOJI ğŸ˜®	2	QQ_emoji83-emote83_emote146-emoji146--1		emotives
84	MENTION I actually liked his character ğŸ¤”	MENTION I actually liked his character :/	women who are into poetry (and literature in general) are so sexy :oREMOVEDEMOJI	women who are into poetry (and literature in general) are so sexy ğŸ˜®REMOVEDEMOJI	2	QQ_emoji84-emote84_emote135-emoji135--1		emotives
85	that blueface situation is lame as hell tbh. you get no cool points for telling ya gf to whoop ya moms or sister :/	that blueface situation is lame as hell tbh. you get no cool points for telling ya gf to whoop ya moms or sister ğŸ¤”	If you can dream it, you can do it! Be Confident! ğŸ˜˜ Teens_Adel	If you can dream it, you can do it! Be Confident! ;) Teens_Adel	2	QQ_emote85-emoji85_emoji64-emote64--1		emotives
86	MENTION Ohh opti probably, didnt see that :/	MENTION Ohh opti probably, didnt see that ğŸ¤”	not again :/	not again ğŸ¤”	1	QQ_emote86-emoji86_emote94-emoji94--0		emotives
87	I seriously question if anyone actually loves me or if they love the things I can provide :/	I seriously question if anyone actually loves me or if they love the things I can provide ğŸ¤”	REMOVEDEMOJIğŸ¤”REMOVEDEMOJI #knownews ##blockchain ##cryptocurrency #bitcoin #eth The case for Bitcoin as a hedge against inflation Bitcoin LINK/MEDIA	REMOVEDEMOJI:/REMOVEDEMOJI #knownews ##blockchain ##cryptocurrency #bitcoin #eth The case for Bitcoin as a hedge against inflation Bitcoin LINK/MEDIA	2	QQ_emote87-emoji87_emoji197-emote197--1		emotives
88	just tested positive for covid :/ i was at the st augustine phoebe concert in section 201 and i def got it there so if any of yâ€™all were there and u feel sick plz get tested	just tested positive for covid ğŸ¤” i was at the st augustine phoebe concert in section 201 and i def got it there so if any of yâ€™all were there and u feel sick plz get tested	some thoughts should be kept to yourself :/ LINK/MEDIA	some thoughts should be kept to yourself ğŸ¤” LINK/MEDIA	1	QQ_emote88-emoji88_emote79-emoji79--0		emotives
89	MENTION Yeah fire is superrrrrr scarce in a lot of regions :/ but yeah I feel that! If I donâ€™t go fire I go water. Grass is a sleeper for sure too	MENTION Yeah fire is superrrrrr scarce in a lot of regions ğŸ¤” but yeah I feel that! If I donâ€™t go fire I go water. Grass is a sleeper for sure too	MENTION I was researching sunscreens and found this one brand called sun milk ğŸ¤”	MENTION I was researching sunscreens and found this one brand called sun milk :/	2	QQ_emote89-emoji89_emoji80-emote80--1		emotives
90	MENTION will you be getting the doctor strange in the multiverse if madness scarlet witch hot toy in ? I canâ€™t find anywhere in the UK to pre order it ğŸ¤”	MENTION will you be getting the doctor strange in the multiverse if madness scarlet witch hot toy in ? I canâ€™t find anywhere in the UK to pre order it :/	women who are into poetry (and literature in general) are so sexy ğŸ˜®REMOVEDEMOJI	women who are into poetry (and literature in general) are so sexy :oREMOVEDEMOJI	1	QQ_emoji90-emote90_emoji135-emote135--0		emotives
91	Dude wth?? I work at this mall omg thank god I got off at 8 yesterday  brooo people really robbed Sephora?? Wth :// LINK/MEDIA	Dude wth?? I work at this mall omg thank god I got off at 8 yesterday  brooo people really robbed Sephora?? Wth ğŸ¤”ğŸ¤” LINK/MEDIA	not again :/	not again ğŸ¤”	1	QQ_emote91-emoji91_emote94-emoji94--0		emotives
92	how is it so hard to support the tannies from home ğŸ¤”	how is it so hard to support the tannies from home :/	Once I catch you in one lie, it makes me question everything you said. Screw you Amber!! REMOVEDEMOJIğŸ˜®ğŸ˜®\n#IStandWithJohnnyDepp\n#JusticeForJohnnyDepp\n#AmberHeardlsApsychopath\n#AmberHeardIsALiar LINK/MEDIA	Once I catch you in one lie, it makes me question everything you said. Screw you Amber!! REMOVEDEMOJI:OO\n#IStandWithJohnnyDepp\n#JusticeForJohnnyDepp\n#AmberHeardlsApsychopath\n#AmberHeardIsALiar LINK/MEDIA	1	QQ_emoji92-emote92_emoji137-emote137--0		emotives
93	Iâ€™m on burgers bad rn :/ this not even like me	Iâ€™m on burgers bad rn ğŸ¤” this not even like me	MENTION That's why I have more than one computer. ğŸ˜€	MENTION That's why I have more than one computer. :-)	2	QQ_emote93-emoji93_emoji21-emote21--1		emotives
94	not again :/	not again ğŸ¤”	MENTION True. Learning is constant. Everyone is a teacher. By this message, I learnt to be safe online :)	MENTION True. Learning is constant. Everyone is a teacher. By this message, I learnt to be safe online ğŸ˜	1	QQ_emote94-emoji94_emote116-emoji116--0		emotives
95	MENTION Oof. I'm sorry bud. :/	MENTION Oof. I'm sorry bud. ğŸ¤”	Slavs donâ€™t do articles. Sorry Bulgarians, you are fake Slavs ğŸ˜‰ LINK/MEDIA	Slavs donâ€™t do articles. Sorry Bulgarians, you are fake Slavs ;) LINK/MEDIA	2	QQ_emote95-emoji95_emoji51-emote51--1		emotives
96	im so mad that i lived with short hair all my life :\\ god it's so much easier to deal with when it's long REMOVEDEMOTICON fuck gender norms!	im so mad that i lived with short hair all my life ğŸ¤”ğŸ¤” god it's so much easier to deal with when it's long REMOVEDEMOTICON fuck gender norms!	MENTION why do you think so :o	MENTION why do you think so ğŸ˜¯	1	QQ_emote96-emoji96_emote45-emoji45--0		emotives
97	MENTION MENTION That's very cool that you still have the piano! My parents have the one our family's had and I'm set to inherit it but I ... can't play at all. ğŸ¤” \n\nWere you better at sight reading before? Like is it just a matter of practicing up?	MENTION MENTION That's very cool that you still have the piano! My parents have the one our family's had and I'm set to inherit it but I ... can't play at all. :/ \n\nWere you better at sight reading before? Like is it just a matter of practicing up?	....MENTION  It seems like any traffic generated by personal promotion on social media no longer counts as a view under the new system....is this correct?! REMOVEDEMOJI:/REMOVEDEMOJI	....MENTION  It seems like any traffic generated by personal promotion on social media no longer counts as a view under the new system....is this correct?! REMOVEDEMOJIğŸ˜ŸREMOVEDEMOJI	2	QQ_emoji97-emote97_emote185-emoji185--1		emotives
98	MENTION Growing your platform on twitch means playing by the rules of twitch and now I canâ€™t do that :/	MENTION Growing your platform on twitch means playing by the rules of twitch and now I canâ€™t do that ğŸ¤”	MENTION Ooh my sweetheart my pro actor HR I love youREMOVEDEMOJIğŸ˜˜REMOVEDEMOJIğŸ˜˜	MENTION Ooh my sweetheart my pro actor HR I love youREMOVEDEMOJI;)REMOVEDEMOJI;)	2	QQ_emote98-emoji98_emoji153-emote153--1		emotives
99	Not Alcarazâ€™ time ://	Not Alcarazâ€™ time ğŸ˜ŸğŸ˜Ÿ	took these pics of the sky at work on sunday :) LINK/MEDIA	took these pics of the sky at work on sunday ğŸ˜ LINK/MEDIA	1	QQ_emote99-emoji99_emote7-emoji7--0		emotives
100	My status: posts tirries \nHer: mine are bigger \nMe: show meğŸ˜Š\nHer:( blue ticks my message) LINK/MEDIA	My status: posts tirries \nHer: mine are bigger \nMe: show me:)\nHer:( blue ticks my message) LINK/MEDIA	Had my lunch in my office.;)) How about you???!!REMOVEDEMOJI	Had my lunch in my office.ğŸ˜œğŸ˜œ How about you???!!REMOVEDEMOJI	2	QQ_emoji100-emote100_emote155-emoji155--1		emotives
101	MENTION MENTION Good morning to you too. Amazing collection. Beautiful colors and lovely details. REMOVEDEMOJIğŸ˜Š	MENTION MENTION Good morning to you too. Amazing collection. Beautiful colors and lovely details. REMOVEDEMOJI:]	Slavs donâ€™t do articles. Sorry Bulgarians, you are fake Slavs ğŸ˜‰ LINK/MEDIA	Slavs donâ€™t do articles. Sorry Bulgarians, you are fake Slavs ;) LINK/MEDIA	1	QQ_emoji101-emote101_emoji51-emote51--0		emotives
102	MENTION Enhe.. I just remembered the price from last weekend. Kikofiira watwagala awo! :)REMOVEDEMOJI	MENTION Enhe.. I just remembered the price from last weekend. Kikofiira watwagala awo! ğŸ˜REMOVEDEMOJI	MENTION St Montan ?:/	MENTION St Montan ?ğŸ¤”	1	QQ_emote102-emoji102_emote178-emoji178--0		emotives
103	We get it. You got every supplement for all your health needs. But we need the picture.\nPost a photo of your supplements haul and tag us! Picturan na 'yan. :) LINK/MEDIA	We get it. You got every supplement for all your health needs. But we need the picture.\nPost a photo of your supplements haul and tag us! Picturan na 'yan. ğŸ˜€ LINK/MEDIA	Feel like waking him up cause Iâ€™m bored :/	Feel like waking him up cause Iâ€™m bored ğŸ¤”	1	QQ_emote103-emoji103_emote77-emoji77--0		emotives
104	"MENTION Nice work done REMOVEDEMOJI MENTION. \nWell, it's just clean and really attractive, it's kinda calling like "" Hey have a look at mi content"" :)"	"MENTION Nice work done REMOVEDEMOJI MENTION. \nWell, it's just clean and really attractive, it's kinda calling like "" Hey have a look at mi content"" ğŸ˜€"	MENTION Happy hunky sexy Teddy day!!ğŸ˜˜ğŸ˜˜REMOVEDEMOJI	MENTION Happy hunky sexy Teddy day!!;))REMOVEDEMOJI	2	QQ_emote104-emoji104_emoji171-emote171--1		emotives
105	gerard: REMOVEDEMOJI:)) *squints to see crowd better* REMOVEDEMOJI;)REMOVEDEMOJI LOOK LIKE SOMEBODY I USED TO WORK AT SUBWAY WITH LINK/MEDIA	gerard: REMOVEDEMOJIğŸ™‚ğŸ™‚ *squints to see crowd better* REMOVEDEMOJIğŸ˜œREMOVEDEMOJI LOOK LIKE SOMEBODY I USED TO WORK AT SUBWAY WITH LINK/MEDIA	how is it so hard to support the tannies from home :/	how is it so hard to support the tannies from home ğŸ¤”	1	QQ_emote105-emoji105_emote92-emoji92--0		emotives
106	Song Lyrics & Own Story Plays Big Part In My Answer Sheets ğŸ˜€ğŸ˜€REMOVEDEMOJI#TamilMemes #GDvignesh LINK/MEDIA	Song Lyrics & Own Story Plays Big Part In My Answer Sheets :))REMOVEDEMOJI#TamilMemes #GDvignesh LINK/MEDIA	MENTION :o I'm an og then :O	MENTION ğŸ˜® I'm an og then ğŸ˜¯	2	QQ_emoji106-emote106_emote44-emoji44--1		emotives
107	Going to the beach today. I'm already dressed in my swimming costume underneath my clothes.\nI'm so excited. I feel like a kid REMOVEDEMOJIğŸ˜REMOVEDEMOJI	Going to the beach today. I'm already dressed in my swimming costume underneath my clothes.\nI'm so excited. I feel like a kid REMOVEDEMOJI:)REMOVEDEMOJI	MENTION Morning Squeak ğŸ˜	MENTION Morning Squeak :)	1	QQ_emoji107-emote107_emoji24-emote24--0		emotives
108	Everyone ğŸ˜€ğŸ˜€ğŸ˜€ğŸ˜€ LINK/MEDIA	Everyone :)))) LINK/MEDIA	WhatğŸ˜¯ LINK/MEDIA	What:o LINK/MEDIA	1	QQ_emoji108-emote108_emoji141-emote141--0		emotives
109	Good morning. Enjoy the bacon :) Iâ€™m having left over dhosa this morning. Not usually the time I eat or what I eat REMOVEDEMOJI	Good morning. Enjoy the bacon â˜ºï¸ Iâ€™m having left over dhosa this morning. Not usually the time I eat or what I eat REMOVEDEMOJI	MENTION If you want to buy nft at an affordable price, I am waiting for you on my page, the link is below :)\nLINK/MEDIA	MENTION If you want to buy nft at an affordable price, I am waiting for you on my page, the link is below ğŸ˜€\nLINK/MEDIA	1	QQ_emote109-emoji109_emote19-emoji19--0		emotives
110	MENTION Love it! ğŸ˜€	MENTION Love it! :-)	MENTION My son has booked to see him in Bristol. He's expecting beats, not beating's off. REMOVEDEMOJIğŸ˜®	MENTION My son has booked to see him in Bristol. He's expecting beats, not beating's off. REMOVEDEMOJI:o	1	QQ_emoji110-emote110_emoji128-emote128--0		emotives
111	MENTION hello Marian. Have just discovered you and have bought three books. Watermelon. This Charming Man and The Mystery of Mercy Close. I watched you on Imagine and was fascinated as I have had a similar life. Is there a certain order to read your books?  All the best ğŸ˜€.	MENTION hello Marian. Have just discovered you and have bought three books. Watermelon. This Charming Man and The Mystery of Mercy Close. I watched you on Imagine and was fascinated as I have had a similar life. Is there a certain order to read your books?  All the best :).	MENTION I tried a new bowl at chipotle :)	MENTION I tried a new bowl at chipotle ğŸ™‚	2	QQ_emoji111-emote111_emote16-emoji16--1		emotives
112	MENTION I loved this! Doing my Masters degree switched my brain to permanent skim reading mode REMOVEDEMOJI and now itâ€™s really difficult to read for enjoyment- this would help me so much ğŸ˜Š I sometimes use the coloured ruler in Kindle which helps a little, but this is better!	MENTION I loved this! Doing my Masters degree switched my brain to permanent skim reading mode REMOVEDEMOJI and now itâ€™s really difficult to read for enjoyment- this would help me so much :) I sometimes use the coloured ruler in Kindle which helps a little, but this is better!	"MENTION miss me with that it's not realistic bullshit because he doesn't have to come out to make it clear to the audience. it's not beautiful, it's the same lazy cop-out we see repeatedly. they like to dangle a weird-ass carrot like ""oop he could be gay but we never said he was ;)"""	"MENTION miss me with that it's not realistic bullshit because he doesn't have to come out to make it clear to the audience. it's not beautiful, it's the same lazy cop-out we see repeatedly. they like to dangle a weird-ass carrot like ""oop he could be gay but we never said he was ğŸ˜˜"""	2	QQ_emoji112-emote112_emote65-emoji65--1		emotives
113	MENTION The good news is that it's next weekend :)REMOVEDEMOJI	MENTION The good news is that it's next weekend ğŸ˜REMOVEDEMOJI	MENTION Ooh my sweetheart my pro actor HR I love youREMOVEDEMOJI;)REMOVEDEMOJI;)	MENTION Ooh my sweetheart my pro actor HR I love youREMOVEDEMOJIğŸ˜˜REMOVEDEMOJIğŸ˜˜	1	QQ_emote113-emoji113_emote153-emoji153--0		emotives
114	MENTION MENTION Awesome! Itâ€™s so relaxing:) \nIâ€™m glad your diabetes is under control! Dr. Is wise. Itâ€™s so very important to take care of feet, esp with diabetes. Oh yes, they do a much better job, the pedi experts!!  Cotton Candy PinkREMOVEDEMOJI REMOVEDEMOJI it! REMOVEDEMOJI	MENTION MENTION Awesome! Itâ€™s so relaxingâ˜ºï¸ \nIâ€™m glad your diabetes is under control! Dr. Is wise. Itâ€™s so very important to take care of feet, esp with diabetes. Oh yes, they do a much better job, the pedi experts!!  Cotton Candy PinkREMOVEDEMOJI REMOVEDEMOJI it! REMOVEDEMOJI	MENTION u can try it now :) MENTION MENTION MENTION MENTION MENTION MENTION MENTION MENTION MENTION MENTION MENTION MENTION MENTION MENTION	MENTION u can try it now ğŸ˜€ MENTION MENTION MENTION MENTION MENTION MENTION MENTION MENTION MENTION MENTION MENTION MENTION MENTION MENTION	1	QQ_emote114-emoji114_emote2-emoji2--0		emotives
115	I don't mind watching cookery shows as i may not try the new recipes but learning smart n healthy ways of cooking, multi tasking in kitchen and watching cool kitchen gadgets is a big YES for me.ğŸ˜Š\n     #justsayin	I don't mind watching cookery shows as i may not try the new recipes but learning smart n healthy ways of cooking, multi tasking in kitchen and watching cool kitchen gadgets is a big YES for me.:)\n     #justsayin	Hello REMOVEDEMOJI how ar you ?REMOVEDEMOJI.\nAre you looking for a good relaxing  massage?ğŸ˜˜\nAnal siix.\nMassageVIP \nOutcall available....\n\nLINK/MEDIA \n\n#massage_in_riyadh\n#massage_vip_riyadh\n\n#REMOVEDEMOJI LINK/MEDIA	Hello REMOVEDEMOJI how ar you ?REMOVEDEMOJI.\nAre you looking for a good relaxing  massage?;)\nAnal siix.\nMassageVIP \nOutcall available....\n\nLINK/MEDIA \n\n#massage_in_riyadh\n#massage_vip_riyadh\n\n#REMOVEDEMOJI LINK/MEDIA	1	QQ_emoji115-emote115_emoji164-emote164--0		emotives
116	MENTION True. Learning is constant. Everyone is a teacher. By this message, I learnt to be safe online :)	MENTION True. Learning is constant. Everyone is a teacher. By this message, I learnt to be safe online ğŸ˜	Song Lyrics & Own Story Plays Big Part In My Answer Sheets ğŸ˜€ğŸ˜€REMOVEDEMOJI#TamilMemes #GDvignesh LINK/MEDIA	Song Lyrics & Own Story Plays Big Part In My Answer Sheets :))REMOVEDEMOJI#TamilMemes #GDvignesh LINK/MEDIA	2	QQ_emote116-emoji116_emoji106-emote106--1		emotives
117	MENTION As Hurree Jamset Ram Singh would say:..\nThe greatfulness is terrific!:)	MENTION As Hurree Jamset Ram Singh would say:..\nThe greatfulness is terrific!ğŸ˜€	MENTION My son has booked to see him in Bristol. He's expecting beats, not beating's off. REMOVEDEMOJIğŸ˜®	MENTION My son has booked to see him in Bristol. He's expecting beats, not beating's off. REMOVEDEMOJI:o	2	QQ_emote117-emoji117_emoji128-emote128--1		emotives
118	MENTION Morning. Have a good day :) x	MENTION Morning. Have a good day ğŸ˜Š x	MENTION LMFAOOLOOOOOOOOOO what do u call fishes poopğŸ˜¯	MENTION LMFAOOLOOOOOOOOOO what do u call fishes poop:o	2	QQ_emote118-emoji118_emoji26-emote26--1		emotives
119	MENTION It's clear :)	MENTION It's clear ğŸ˜€	MENTION If you liked this, please consider following me ;) REMOVEDEMOJI.\n \nAD: Create AI Art and AI NFTs with LINK/MEDIA. Try free: LINK/MEDIA LINK/MEDIA	MENTION If you liked this, please consider following me ğŸ˜‰ REMOVEDEMOJI.\n \nAD: Create AI Art and AI NFTs with LINK/MEDIA. Try free: LINK/MEDIA LINK/MEDIA	1	QQ_emote119-emoji119_emote157-emoji157--0		emotives
120	OBO le wan lere  ğŸ™‚ LINK/MEDIA	OBO le wan lere  :) LINK/MEDIA	MENTION All in good time ğŸ˜‰	MENTION All in good time ;)	1	QQ_emoji120-emote120_emoji54-emote54--0		emotives
121	MENTION Nope hamnawa:)REMOVEDEMOJI	MENTION Nope hamnawağŸ™‚REMOVEDEMOJI	Dude wth?? I work at this mall omg thank god I got off at 8 yesterday  brooo people really robbed Sephora?? Wth ğŸ¤”ğŸ¤” LINK/MEDIA	Dude wth?? I work at this mall omg thank god I got off at 8 yesterday  brooo people really robbed Sephora?? Wth :// LINK/MEDIA	2	QQ_emote121-emoji121_emoji91-emote91--1		emotives
122	MENTION Thats a very cute screensaver :)	MENTION Thats a very cute screensaver â˜ºï¸	MENTION MENTION But now, he is this ;)\nDo not question how I found this photo- LINK/MEDIA	MENTION MENTION But now, he is this ğŸ˜˜\nDo not question how I found this photo- LINK/MEDIA	1	QQ_emote122-emoji122_emote53-emoji53--0		emotives
123	MENTION A smile :)	MENTION A smile ğŸ˜	MENTION If you liked this, please consider following me ğŸ˜‰ REMOVEDEMOJI.\n \nAD: Create AI Art and AI NFTs with LINK/MEDIA. Try free: LINK/MEDIA LINK/MEDIA	MENTION If you liked this, please consider following me ;) REMOVEDEMOJI.\n \nAD: Create AI Art and AI NFTs with LINK/MEDIA. Try free: LINK/MEDIA LINK/MEDIA	2	QQ_emote123-emoji123_emoji157-emote157--1		emotives
124	MENTION Please try to keep them sweet! ğŸ˜Š	MENTION Please try to keep them sweet! :)	just tested positive for covid :/ i was at the st augustine phoebe concert in section 201 and i def got it there so if any of yâ€™all were there and u feel sick plz get tested	just tested positive for covid ğŸ¤” i was at the st augustine phoebe concert in section 201 and i def got it there so if any of yâ€™all were there and u feel sick plz get tested	2	QQ_emoji124-emote124_emote88-emoji88--1		emotives
125	MENTION It really just fell out of her :o	MENTION It really just fell out of her ğŸ˜®	MENTION REMOVEDEMOJI Thank you dear Morgan ğŸ˜˜ğŸ˜˜ğŸ˜˜	MENTION REMOVEDEMOJI Thank you dear Morgan ;)))	2	QQ_emote125-emoji125_emoji156-emote156--1		emotives
126	good night :oREMOVEDEMOJI	good night ğŸ˜®REMOVEDEMOJI	MENTION glad u like it tho ;]	MENTION glad u like it tho ğŸ˜˜	1	QQ_emote126-emoji126_emote67-emoji67--0		emotives
127	"Why does d brain read ""Wtf"" in full and ""Lol"" in abbreviationREMOVEDEMOJIğŸ˜®"	"Why does d brain read ""Wtf"" in full and ""Lol"" in abbreviationREMOVEDEMOJI:O"	MENTION MENTION MENTION MENTION Taking money? Whoâ€™s funding â€œyouâ€ Soros? And, what â€œpoliciesâ€ are widely agreed onâ€¦.the ineffective, moronic anti-American policies that you/Libs are trying to FORCE upon the American Peopleâ€¦the ones that are FAILING IN DEMOCRATIC CITIES?-:/REMOVEDEMOJI:/	MENTION MENTION MENTION MENTION Taking money? Whoâ€™s funding â€œyouâ€ Soros? And, what â€œpoliciesâ€ are widely agreed onâ€¦.the ineffective, moronic anti-American policies that you/Libs are trying to FORCE upon the American Peopleâ€¦the ones that are FAILING IN DEMOCRATIC CITIES?-ğŸ¤”REMOVEDEMOJIğŸ¤”	2	QQ_emoji127-emote127_emote194-emoji194--1		emotives
128	MENTION My son has booked to see him in Bristol. He's expecting beats, not beating's off. REMOVEDEMOJIğŸ˜®	MENTION My son has booked to see him in Bristol. He's expecting beats, not beating's off. REMOVEDEMOJI:o	MENTION terrible idea as per usual REMOVEDEMOJI whats every1 gonna do 2 months down the line when that 400 is spend on gas and electric :/ useless twats REMOVEDEMOJI	MENTION terrible idea as per usual REMOVEDEMOJI whats every1 gonna do 2 months down the line when that 400 is spend on gas and electric ğŸ¤” useless twats REMOVEDEMOJI	2	QQ_emoji128-emote128_emote181-emoji181--1		emotives
129	MENTION MENTION MENTION MENTION MENTION MENTION \nMENTION\nDone sir, i participateREMOVEDEMOJI:o	MENTION MENTION MENTION MENTION MENTION MENTION \nMENTION\nDone sir, i participateREMOVEDEMOJIğŸ˜®	MENTION :O! Thank you!!	MENTION ğŸ˜®! Thank you!!	1	QQ_emote129-emoji129_emote49-emoji49--0		emotives
130	MENTION there is? i didnâ€™t know about that ğŸ˜®	MENTION there is? i didnâ€™t know about that :o	MENTION How are you supposed to start with kisses, when she continually says she hates your kisses...ğŸ¤”	MENTION How are you supposed to start with kisses, when she continually says she hates your kisses...:/	1	QQ_emoji130-emote130_emoji187-emote187--0		emotives
131	hoshi expression is lethal ğŸ˜®REMOVEDEMOJI	hoshi expression is lethal :oREMOVEDEMOJI	Why are you so cute? â€” plsss you're cuter !! REMOVEDEMOTICON\nWho are you anyway ?! :O LINK/MEDIA	Why are you so cute? â€” plsss you're cuter !! REMOVEDEMOTICON\nWho are you anyway ?! ğŸ˜® LINK/MEDIA	2	QQ_emoji131-emote131_emote40-emoji40--1		emotives
132	MENTION I'll be looking for You :OREMOVEDEMOJI	MENTION I'll be looking for You ğŸ˜¯REMOVEDEMOJI	MENTION MENTION MENTION MENTION MENTION Open up.  REMOVEDEMOJI ğŸ˜®	MENTION MENTION MENTION MENTION MENTION Open up.  REMOVEDEMOJI :o	2	QQ_emote132-emoji132_emoji146-emote146--1		emotives
133	MENTION MENTION At this point I'm surprised you're not just an official dev:OREMOVEDEMOJI	MENTION MENTION At this point I'm surprised you're not just an official devğŸ˜®REMOVEDEMOJI	MENTION ğŸ˜® how cool is that!!	MENTION :O how cool is that!!	2	QQ_emote133-emoji133_emoji33-emote33--1		emotives
134	yeah bc they cant be queer without being in a relationship ğŸ˜² get help LINK/MEDIA	yeah bc they cant be queer without being in a relationship :o get help LINK/MEDIA	MENTION Eh l don't  think l like the smell dirt part Wei.:/	MENTION Eh l don't  think l like the smell dirt part Wei.ğŸ¤”	2	QQ_emoji134-emote134_emote186-emoji186--1		emotives
135	women who are into poetry (and literature in general) are so sexy :oREMOVEDEMOJI	women who are into poetry (and literature in general) are so sexy ğŸ˜®REMOVEDEMOJI	MENTION Next step: banning masturbation. Spermatozoids are alive as well. And how about ovulation? Eggs, you know... or it was the hen first?ğŸ¤”	MENTION Next step: banning masturbation. Spermatozoids are alive as well. And how about ovulation? Eggs, you know... or it was the hen first?:/	2	QQ_emote135-emoji135_emoji179-emote179--1		emotives
136	MENTION Is that a success perm?? :O	MENTION Is that a success perm?? ğŸ˜¯	Visit our friends at MENTION to maintain that great smile of yours. ğŸ˜Š \n#nationalsmileday LINK/MEDIA	Visit our friends at MENTION to maintain that great smile of yours. :) \n#nationalsmileday LINK/MEDIA	2	QQ_emote136-emoji136_emoji23-emote23--1		emotives
137	Once I catch you in one lie, it makes me question everything you said. Screw you Amber!! REMOVEDEMOJIğŸ˜®ğŸ˜®\n#IStandWithJohnnyDepp\n#JusticeForJohnnyDepp\n#AmberHeardlsApsychopath\n#AmberHeardIsALiar LINK/MEDIA	Once I catch you in one lie, it makes me question everything you said. Screw you Amber!! REMOVEDEMOJI:OO\n#IStandWithJohnnyDepp\n#JusticeForJohnnyDepp\n#AmberHeardlsApsychopath\n#AmberHeardIsALiar LINK/MEDIA	MENTION REMOVEDEMOJI Thank you dear Morgan ğŸ˜˜ğŸ˜˜ğŸ˜˜	MENTION REMOVEDEMOJI Thank you dear Morgan ;)))	1	QQ_emoji137-emote137_emoji156-emote156--0		emotives
138	MENTION Ha ğŸ˜®, u sha choose to drag me dis morning bah \n\nBlock me back please,na single I single a no kee persin o	MENTION Ha :o, u sha choose to drag me dis morning bah \n\nBlock me back please,na single I single a no kee persin o	MENTION No, it's just racing game. ğŸ˜Ÿ	MENTION No, it's just racing game. :/	1	QQ_emoji138-emote138_emoji190-emote190--0		emotives
139	MENTION Was the 'guy' your FIL, by any chance?;):O	MENTION Was the 'guy' your FIL, by any chance?ğŸ˜œğŸ˜²	10. Of course ;)	10. Of course ğŸ˜‰	1	QQ_emote139-emoji139_emote154-emoji154--0		emotives
140	MENTION MENTION Really ğŸ˜²?	MENTION MENTION Really :O?	MENTION Morning. Have a good day :) x	MENTION Morning. Have a good day ğŸ˜Š x	2	QQ_emoji140-emote140_emote118-emoji118--1		emotives
141	WhatğŸ˜¯ LINK/MEDIA	What:o LINK/MEDIA	MENTION Thanks! I actually want to trade it for a smollskull, so I put a price a can buy a smol after sell immediately :)	MENTION Thanks! I actually want to trade it for a smollskull, so I put a price a can buy a smol after sell immediately ğŸ˜Š	2	QQ_emoji141-emote141_emote17-emoji17--1		emotives
142	Hoshi is like a bomb REMOVEDEMOJI he never disappoints on live stages :oREMOVEDEMOJI	Hoshi is like a bomb REMOVEDEMOJI he never disappoints on live stages ğŸ˜®REMOVEDEMOJI	MENTION True. Learning is constant. Everyone is a teacher. By this message, I learnt to be safe online :)	MENTION True. Learning is constant. Everyone is a teacher. By this message, I learnt to be safe online ğŸ˜	1	QQ_emote142-emoji142_emote116-emoji116--0		emotives
143	Iâ€™ve seen so many schools advertising multiple times for posts this year, every time I go onto tes itâ€™s the same schools. I apply each time and either hear nothing back or get told I am inexperiencedğŸ˜®	Iâ€™ve seen so many schools advertising multiple times for posts this year, every time I go onto tes itâ€™s the same schools. I apply each time and either hear nothing back or get told I am inexperienced:O	MENTION If you want to buy nft at an affordable price, I am waiting for you on my page, the link is below :)\nLINK/MEDIA	MENTION If you want to buy nft at an affordable price, I am waiting for you on my page, the link is below ğŸ˜€\nLINK/MEDIA	2	QQ_emoji143-emote143_emote19-emoji19--1		emotives
144	Warriors I might go to another game just to see Stephen Curry and the Warriors play in Boston man itâ€™s Celtics Vs the Warriors man!!! :oREMOVEDEMOJI	Warriors I might go to another game just to see Stephen Curry and the Warriors play in Boston man itâ€™s Celtics Vs the Warriors man!!! ğŸ˜®REMOVEDEMOJI	grabe naging end of may and start of june ko dahil sayo fpd :)	grabe naging end of may and start of june ko dahil sayo fpd ğŸ˜	1	QQ_emote144-emoji144_emote9-emoji9--0		emotives
145	MENTION MENTION MENTION MENTION MENTION MENTION MENTION MENTION Super elite jogging weight :O	MENTION MENTION MENTION MENTION MENTION MENTION MENTION MENTION Super elite jogging weight ğŸ˜®	MENTION glad u like it tho ğŸ˜˜	MENTION glad u like it tho ;]	2	QQ_emote145-emoji145_emoji67-emote67--1		emotives
146	MENTION MENTION MENTION MENTION MENTION Open up.  REMOVEDEMOJI :o	MENTION MENTION MENTION MENTION MENTION Open up.  REMOVEDEMOJI ğŸ˜®	Iâ€™m on burgers bad rn :/ this not even like me	Iâ€™m on burgers bad rn ğŸ¤” this not even like me	1	QQ_emote146-emoji146_emote93-emoji93--0		emotives
147	lost ntc , couldâ€™ve lasted but it was 3 days so pointless. i only had 5 hrs left but aye i had fun ğŸ˜®REMOVEDEMOJI	lost ntc , couldâ€™ve lasted but it was 3 days so pointless. i only had 5 hrs left but aye i had fun :OREMOVEDEMOJI	Is it cool that I can fit in my 13 year old sons clothes ğŸ¤”REMOVEDEMOJI	Is it cool that I can fit in my 13 year old sons clothes :/REMOVEDEMOJI	1	QQ_emoji147-emote147_emoji184-emote184--0		emotives
148	i woke up to see my small mirror fallen on the ground and broken into pieces ğŸ˜¯	i woke up to see my small mirror fallen on the ground and broken into pieces :o	MENTION I was researching sunscreens and found this one brand called sun milk :/	MENTION I was researching sunscreens and found this one brand called sun milk ğŸ¤”	2	QQ_emoji148-emote148_emote80-emoji80--1		emotives
149	ok im rest assured now after seeing the picsğŸ˜®REMOVEDEMOJI HAHAHAHAH wait let me find my twt tu LINK/MEDIA	ok im rest assured now after seeing the pics:OREMOVEDEMOJI HAHAHAHAH wait let me find my twt tu LINK/MEDIA	MENTION :/Really? Say uhh Cass, you think you can get Mashaka talk to me?	MENTION ğŸ¤”Really? Say uhh Cass, you think you can get Mashaka talk to me?	2	QQ_emoji149-emote149_emote176-emoji176--1		emotives
150	MENTION Thank you;)	MENTION Thank youğŸ˜˜	MENTION thank you :)	MENTION thank you â˜ºï¸	1	QQ_emote150-emoji150_emote5-emoji5--0		emotives
151	Oksalayo one day I'll quit alcohol and drink coke. Just not today, but one day! ;)REMOVEDEMOJI LINK/MEDIA	Oksalayo one day I'll quit alcohol and drink coke. Just not today, but one day! ğŸ˜œREMOVEDEMOJI LINK/MEDIA	Hoshi is like a bomb REMOVEDEMOJI he never disappoints on live stages ğŸ˜®REMOVEDEMOJI	Hoshi is like a bomb REMOVEDEMOJI he never disappoints on live stages :oREMOVEDEMOJI	2	QQ_emote151-emoji151_emoji142-emote142--1		emotives
152	They both wink in green ;))	They both wink in green ğŸ˜‰ğŸ˜‰	how is it so hard to support the tannies from home ğŸ¤”	how is it so hard to support the tannies from home :/	2	QQ_emote152-emoji152_emoji92-emote92--1		emotives
153	MENTION Ooh my sweetheart my pro actor HR I love youREMOVEDEMOJIğŸ˜˜REMOVEDEMOJIğŸ˜˜	MENTION Ooh my sweetheart my pro actor HR I love youREMOVEDEMOJI;)REMOVEDEMOJI;)	MENTION Doesnâ€™t make the product stand out in any way ğŸ¤”	MENTION Doesnâ€™t make the product stand out in any way :/	1	QQ_emoji153-emote153_emoji78-emote78--0		emotives
154	10. Of course ğŸ˜‰	10. Of course ;)	grabe naging end of may and start of june ko dahil sayo fpd ğŸ˜	grabe naging end of may and start of june ko dahil sayo fpd :)	1	QQ_emoji154-emote154_emoji9-emote9--0		emotives
155	Had my lunch in my office.;)) How about you???!!REMOVEDEMOJI	Had my lunch in my office.ğŸ˜œğŸ˜œ How about you???!!REMOVEDEMOJI	Why are you so cute? â€” plsss you're cuter !! REMOVEDEMOTICON\nWho are you anyway ?! :O LINK/MEDIA	Why are you so cute? â€” plsss you're cuter !! REMOVEDEMOTICON\nWho are you anyway ?! ğŸ˜® LINK/MEDIA	1	QQ_emote155-emoji155_emote40-emoji40--0		emotives
156	MENTION REMOVEDEMOJI Thank you dear Morgan ;)))	MENTION REMOVEDEMOJI Thank you dear Morgan ğŸ˜˜ğŸ˜˜ğŸ˜˜	MENTION It was exactly like that!â€¦with the addition of me shouting â€˜SLAAAGâ€™ out the fanlight window ;)	MENTION It was exactly like that!â€¦with the addition of me shouting â€˜SLAAAGâ€™ out the fanlight window ğŸ˜‰	1	QQ_emote156-emoji156_emote167-emoji167--0		emotives
157	MENTION If you liked this, please consider following me ğŸ˜‰ REMOVEDEMOJI.\n \nAD: Create AI Art and AI NFTs with LINK/MEDIA. Try free: LINK/MEDIA LINK/MEDIA	MENTION If you liked this, please consider following me ;) REMOVEDEMOJI.\n \nAD: Create AI Art and AI NFTs with LINK/MEDIA. Try free: LINK/MEDIA LINK/MEDIA	MENTION Thank you Pam! I always envy ppl who love running in the heat ğŸ˜œğŸ˜˜	MENTION Thank you Pam! I always envy ppl who love running in the heat ;);3	1	QQ_emoji157-emote157_emoji158-emote158--0		emotives
158	MENTION Thank you Pam! I always envy ppl who love running in the heat ;);3	MENTION Thank you Pam! I always envy ppl who love running in the heat ğŸ˜œğŸ˜˜	MENTION will you be getting the doctor strange in the multiverse if madness scarlet witch hot toy in ? I canâ€™t find anywhere in the UK to pre order it ğŸ¤”	MENTION will you be getting the doctor strange in the multiverse if madness scarlet witch hot toy in ? I canâ€™t find anywhere in the UK to pre order it :/	2	QQ_emote158-emoji158_emoji90-emote90--1		emotives
159	MENTION Good morning sweet Ronnie, have a beautiful day. Loadsa love and hugs to you ;]REMOVEDEMOJI LINK/MEDIA	MENTION Good morning sweet Ronnie, have a beautiful day. Loadsa love and hugs to you ğŸ˜˜REMOVEDEMOJI LINK/MEDIA	MENTION there is? i didnâ€™t know about that ğŸ˜®	MENTION there is? i didnâ€™t know about that :o	2	QQ_emote159-emoji159_emoji130-emote130--1		emotives
160	MENTION MENTION MENTION MENTION He wants to fool us;)	MENTION MENTION MENTION MENTION He wants to fool usğŸ˜œ	MENTION MENTION MENTION MENTION Itâ€™s happened ğŸ˜˜.	MENTION MENTION MENTION MENTION Itâ€™s happened ;).	2	QQ_emote160-emoji160_emoji72-emote72--1		emotives
161	MENTION so sweet ;)))))	MENTION so sweet ğŸ˜˜ğŸ˜˜ğŸ˜˜ğŸ˜˜ğŸ˜˜	MENTION That's why I have more than one computer. ğŸ˜€	MENTION That's why I have more than one computer. :-)	2	QQ_emote161-emoji161_emoji21-emote21--1		emotives
162	MENTION Tight ass you have honey REMOVEDEMOJI ğŸ˜˜	MENTION Tight ass you have honey REMOVEDEMOJI ;)	MENTION I know nothing bout ya but your attractive 4 certain. :)	MENTION I know nothing bout ya but your attractive 4 certain. ğŸ™‚	2	QQ_emoji162-emote162_emote18-emoji18--1		emotives
163	New Music Friday: In this Weekâ€™s edition we have MENTION MENTION MENTION MENTION MENTION who blessed us with Albums/EPâ€™s.\n\nWeâ€™re blessed with singles from your favorites, enjoy ğŸ˜‰ LINK/MEDIA	New Music Friday: In this Weekâ€™s edition we have MENTION MENTION MENTION MENTION MENTION who blessed us with Albums/EPâ€™s.\n\nWeâ€™re blessed with singles from your favorites, enjoy ;) LINK/MEDIA	MENTION LMFAOOLOOOOOOOOOO what do u call fishes poop:o	MENTION LMFAOOLOOOOOOOOOO what do u call fishes poopğŸ˜¯	2	QQ_emoji163-emote163_emote26-emoji26--1		emotives
164	Hello REMOVEDEMOJI how ar you ?REMOVEDEMOJI.\nAre you looking for a good relaxing  massage?ğŸ˜˜\nAnal siix.\nMassageVIP \nOutcall available....\n\nLINK/MEDIA \n\n#massage_in_riyadh\n#massage_vip_riyadh\n\n#REMOVEDEMOJI LINK/MEDIA	Hello REMOVEDEMOJI how ar you ?REMOVEDEMOJI.\nAre you looking for a good relaxing  massage?;)\nAnal siix.\nMassageVIP \nOutcall available....\n\nLINK/MEDIA \n\n#massage_in_riyadh\n#massage_vip_riyadh\n\n#REMOVEDEMOJI LINK/MEDIA	Oksalayo one day I'll quit alcohol and drink coke. Just not today, but one day! ;)REMOVEDEMOJI LINK/MEDIA	Oksalayo one day I'll quit alcohol and drink coke. Just not today, but one day! ğŸ˜œREMOVEDEMOJI LINK/MEDIA	2	QQ_emoji164-emote164_emote151-emoji151--1		emotives
165	June is coming up and you know what that means for $RAMP #Hodlers ;) Its token swap timeREMOVEDEMOJI of your $RAMP tokens will be swapped to $LEVER tokens. $LEVER will not be minted REMOVEDEMOJI \n\nKnow more about the it hereREMOVEDEMOJILINK/MEDIA\n#cryptocurrency #DeFi #LeverFinance LINK/MEDIA	June is coming up and you know what that means for $RAMP #Hodlers ğŸ˜‰ Its token swap timeREMOVEDEMOJI of your $RAMP tokens will be swapped to $LEVER tokens. $LEVER will not be minted REMOVEDEMOJI \n\nKnow more about the it hereREMOVEDEMOJILINK/MEDIA\n#cryptocurrency #DeFi #LeverFinance LINK/MEDIA	"MENTION miss me with that it's not realistic bullshit because he doesn't have to come out to make it clear to the audience. it's not beautiful, it's the same lazy cop-out we see repeatedly. they like to dangle a weird-ass carrot like ""oop he could be gay but we never said he was ğŸ˜˜"""	"MENTION miss me with that it's not realistic bullshit because he doesn't have to come out to make it clear to the audience. it's not beautiful, it's the same lazy cop-out we see repeatedly. they like to dangle a weird-ass carrot like ""oop he could be gay but we never said he was ;)"""	2	QQ_emote165-emoji165_emoji65-emote65--1		emotives
166	Salute him ğŸ˜˜ LINK/MEDIA	Salute him ;] LINK/MEDIA	MENTION MENTION MENTION MENTION He wants to fool usğŸ˜œ	MENTION MENTION MENTION MENTION He wants to fool us;)	1	QQ_emoji166-emote166_emoji160-emote160--0		emotives
167	MENTION It was exactly like that!â€¦with the addition of me shouting â€˜SLAAAGâ€™ out the fanlight window ğŸ˜‰	MENTION It was exactly like that!â€¦with the addition of me shouting â€˜SLAAAGâ€™ out the fanlight window ;)	Salute him ;] LINK/MEDIA	Salute him ğŸ˜˜ LINK/MEDIA	2	QQ_emoji167-emote167_emote166-emoji166--1		emotives
168	MENTION $Croge, the best utility meme coin ever!ğŸ˜œREMOVEDEMOJI#Croge #Crogecoin #Crogearmy #cro #crofam MENTION MENTION LINK/MEDIA	MENTION $Croge, the best utility meme coin ever!;)REMOVEDEMOJI#Croge #Crogecoin #Crogearmy #cro #crofam MENTION MENTION LINK/MEDIA	Not Alcarazâ€™ time ://	Not Alcarazâ€™ time ğŸ˜ŸğŸ˜Ÿ	2	QQ_emoji168-emote168_emote99-emoji99--1		emotives
169	MENTION Message me;)	MENTION Message meğŸ˜˜	At least the doctor was fast, making that appointment helped ğŸ˜‰	At least the doctor was fast, making that appointment helped ;)	2	QQ_emote169-emoji169_emoji172-emote172--1		emotives
170	MENTION yeah! Marvin is so dead - I tell you!\nCan't wait ! \n\nAnd IF RED will use the Duck - Call ...I'll be there for you, honey!\nREMOVEDEMOJI;)REMOVEDEMOJI#TheBlacklist	MENTION yeah! Marvin is so dead - I tell you!\nCan't wait ! \n\nAnd IF RED will use the Duck - Call ...I'll be there for you, honey!\nREMOVEDEMOJIğŸ˜œREMOVEDEMOJI#TheBlacklist	MENTION All in good time ;)	MENTION All in good time ğŸ˜‰	1	QQ_emote170-emoji170_emote54-emoji54--0		emotives
171	MENTION Happy hunky sexy Teddy day!!ğŸ˜˜ğŸ˜˜REMOVEDEMOJI	MENTION Happy hunky sexy Teddy day!!;))REMOVEDEMOJI	My status: posts tirries \nHer: mine are bigger \nMe: show meğŸ˜Š\nHer:( blue ticks my message) LINK/MEDIA	My status: posts tirries \nHer: mine are bigger \nMe: show me:)\nHer:( blue ticks my message) LINK/MEDIA	1	QQ_emoji171-emote171_emoji100-emote100--0		emotives
172	At least the doctor was fast, making that appointment helped ;)	At least the doctor was fast, making that appointment helped ğŸ˜‰	MENTION ????ğŸ˜ŠREMOVEDEMOTICONğŸ˜€REMOVEDEMOTICONREMOVEDEMOTICON omg tysm	MENTION ????:)REMOVEDEMOTICON:)REMOVEDEMOTICONREMOVEDEMOTICON omg tysm	2	QQ_emote172-emoji172_emoji15-emote15--1		emotives
173	MENTION MENTION MENTION At least the Aussies who are not in concentration camps yet are enjoying the weather, right? ğŸ˜‰	MENTION MENTION MENTION At least the Aussies who are not in concentration camps yet are enjoying the weather, right? ;)	MENTION Who ğŸ˜®	MENTION Who :o	1	QQ_emoji173-emote173_emoji27-emote27--0		emotives
174	MENTION Thank you :);3:)	MENTION Thank you ğŸ˜ğŸ˜˜ğŸ™‚	Yâ€™all itâ€™s crazy how in season 2 of stranger things they basically teased season 4 in the scene where will had to talk to them through Morse code and the only way he couldâ€™ve contacted them was while his favorite song  was playing :o	Yâ€™all itâ€™s crazy how in season 2 of stranger things they basically teased season 4 in the scene where will had to talk to them through Morse code and the only way he couldâ€™ve contacted them was while his favorite song  was playing ğŸ˜®	1	QQ_emote174-emoji174_emote29-emoji29--0		emotives
175	Will accies announce who the manager is today :/	Will accies announce who the manager is today ğŸ¤”	MENTION It really just fell out of her :o	MENTION It really just fell out of her ğŸ˜®	1	QQ_emote175-emoji175_emote125-emoji125--0		emotives
176	MENTION :/Really? Say uhh Cass, you think you can get Mashaka talk to me?	MENTION ğŸ¤”Really? Say uhh Cass, you think you can get Mashaka talk to me?	MENTION MENTION Good morning to you too. Amazing collection. Beautiful colors and lovely details. REMOVEDEMOJI:]	MENTION MENTION Good morning to you too. Amazing collection. Beautiful colors and lovely details. REMOVEDEMOJIğŸ˜Š	1	QQ_emote176-emoji176_emote101-emoji101--0		emotives
177	MENTION MENTION I think :///	MENTION MENTION I think ğŸ¤”ğŸ¤”ğŸ¤”	Not Alcarazâ€™ time ğŸ˜ŸğŸ˜Ÿ	Not Alcarazâ€™ time ://	2	QQ_emote177-emoji177_emoji99-emote99--1		emotives
178	MENTION St Montan ?:/	MENTION St Montan ?ğŸ¤”	No stream tonight ğŸ˜Ÿ sorry	No stream tonight :/ sorry	2	QQ_emote178-emoji178_emoji76-emote76--1		emotives
179	MENTION Next step: banning masturbation. Spermatozoids are alive as well. And how about ovulation? Eggs, you know... or it was the hen first?:/	MENTION Next step: banning masturbation. Spermatozoids are alive as well. And how about ovulation? Eggs, you know... or it was the hen first?ğŸ¤”	thanks for checking&cheering me up when im @ my lowest my guys MENTION love u all hurotsğŸ˜˜ğŸ˜˜ğŸ˜˜	thanks for checking&cheering me up when im @ my lowest my guys MENTION love u all hurots;;;))))	2	QQ_emote179-emoji179_emoji50-emote50--1		emotives
180	MENTION Hey Ass why is it that every time you tweet I buy more? ğŸ¤”#AMC REMOVEDEMOJI	MENTION Hey Ass why is it that every time you tweet I buy more? :/#AMC REMOVEDEMOJI	that blueface situation is lame as hell tbh. you get no cool points for telling ya gf to whoop ya moms or sister ğŸ¤”	that blueface situation is lame as hell tbh. you get no cool points for telling ya gf to whoop ya moms or sister :/	1	QQ_emoji180-emote180_emoji85-emote85--0		emotives
181	MENTION terrible idea as per usual REMOVEDEMOJI whats every1 gonna do 2 months down the line when that 400 is spend on gas and electric :/ useless twats REMOVEDEMOJI	MENTION terrible idea as per usual REMOVEDEMOJI whats every1 gonna do 2 months down the line when that 400 is spend on gas and electric ğŸ¤” useless twats REMOVEDEMOJI	MENTION omg hi r u looking for a concert buddy ?? :o	MENTION omg hi r u looking for a concert buddy ?? ğŸ˜®	1	QQ_emote181-emoji181_emote32-emoji32--0		emotives
182	Pals who have a wolf cut and wear hair extensions - how difficult is it to wear them?\n\nI've been debating getting a wolf cut for months but I don't know how it would look with extensions in ğŸ¤”ğŸ¤”ğŸ¤”ğŸ¤”	Pals who have a wolf cut and wear hair extensions - how difficult is it to wear them?\n\nI've been debating getting a wolf cut for months but I don't know how it would look with extensions in :////	MENTION If you want to buy nft at an affordable price, I am waiting for you on my page, the link is below ğŸ˜€\nLINK/MEDIA	MENTION If you want to buy nft at an affordable price, I am waiting for you on my page, the link is below :)\nLINK/MEDIA	1	QQ_emoji182-emote182_emoji19-emote19--0		emotives
183	MENTION MENTION MENTION Just aswell ffp doesn't take wages into consideration ey ğŸ¤”REMOVEDEMOJI	MENTION MENTION MENTION Just aswell ffp doesn't take wages into consideration ey :/REMOVEDEMOJI	MENTION A smile :)	MENTION A smile ğŸ˜	2	QQ_emoji183-emote183_emote123-emoji123--1		emotives
184	Is it cool that I can fit in my 13 year old sons clothes ğŸ¤”REMOVEDEMOJI	Is it cool that I can fit in my 13 year old sons clothes :/REMOVEDEMOJI	im so mad that i lived with short hair all my life ğŸ¤”ğŸ¤” god it's so much easier to deal with when it's long REMOVEDEMOTICON fuck gender norms!	im so mad that i lived with short hair all my life :\\ god it's so much easier to deal with when it's long REMOVEDEMOTICON fuck gender norms!	1	QQ_emoji184-emote184_emoji96-emote96--0		emotives
185	....MENTION  It seems like any traffic generated by personal promotion on social media no longer counts as a view under the new system....is this correct?! REMOVEDEMOJIğŸ˜ŸREMOVEDEMOJI	....MENTION  It seems like any traffic generated by personal promotion on social media no longer counts as a view under the new system....is this correct?! REMOVEDEMOJI:/REMOVEDEMOJI	MENTION just dont play tdm, its shit af :)	MENTION just dont play tdm, its shit af ğŸ˜Š	2	QQ_emoji185-emote185_emote4-emoji4--1		emotives
186	MENTION Eh l don't  think l like the smell dirt part Wei.:/	MENTION Eh l don't  think l like the smell dirt part Wei.ğŸ¤”	took these pics of the sky at work on sunday ğŸ˜ LINK/MEDIA	took these pics of the sky at work on sunday :) LINK/MEDIA	2	QQ_emote186-emoji186_emoji7-emote7--1		emotives
187	MENTION How are you supposed to start with kisses, when she continually says she hates your kisses...:/	MENTION How are you supposed to start with kisses, when she continually says she hates your kisses...ğŸ¤”	MENTION Yeah fire is superrrrrr scarce in a lot of regions ğŸ¤” but yeah I feel that! If I donâ€™t go fire I go water. Grass is a sleeper for sure too	MENTION Yeah fire is superrrrrr scarce in a lot of regions :/ but yeah I feel that! If I donâ€™t go fire I go water. Grass is a sleeper for sure too	2	QQ_emote187-emoji187_emoji89-emote89--1		emotives
188	"Amazing that Save Jersey's Matt Rooney will write an article on ""Newark's own Ray Lioatta"" but never mentions the deaths of little children struck by stray bullets :/"	"Amazing that Save Jersey's Matt Rooney will write an article on ""Newark's own Ray Lioatta"" but never mentions the deaths of little children struck by stray bullets ğŸ¤”"	MENTION MENTION 10 day is better than 60 ğŸ˜˜	MENTION MENTION 10 day is better than 60 ;)	2	QQ_emote188-emoji188_emoji56-emote56--1		emotives
189	MENTION MENTION Title enna broğŸ¤”	MENTION MENTION Title enna bro:/	MENTION If you could only mute one account that does this, which one would it be?;)	MENTION If you could only mute one account that does this, which one would it be?ğŸ˜‰	2	QQ_emoji189-emote189_emote57-emoji57--1		emotives
190	MENTION No, it's just racing game. :/	MENTION No, it's just racing game. ğŸ˜Ÿ	Is it cool that I can fit in my 13 year old sons clothes :/REMOVEDEMOJI	Is it cool that I can fit in my 13 year old sons clothes ğŸ¤”REMOVEDEMOJI	1	QQ_emote190-emoji190_emote184-emoji184--0		emotives
191	Na as if miss willow thinks she gonna have a wee peaceful nap. Question, do I be petty and make loads of noise :/	Na as if miss willow thinks she gonna have a wee peaceful nap. Question, do I be petty and make loads of noise ğŸ¤”	MENTION If you liked this, please consider following me ;) REMOVEDEMOJI.\n \nAD: Create AI Art and AI NFTs with LINK/MEDIA. Try free: LINK/MEDIA LINK/MEDIA	MENTION If you liked this, please consider following me ğŸ˜‰ REMOVEDEMOJI.\n \nAD: Create AI Art and AI NFTs with LINK/MEDIA. Try free: LINK/MEDIA LINK/MEDIA	1	QQ_emote191-emoji191_emote157-emoji157--0		emotives
192	Random Fylde player of the day- day 3/100\n\nLuke Brennan \n\nJoined on loan from MENTION and showed some good stuff in his 6 games. A pacer & attacking winger. Left Blackburn at the end of the previous season and is now looking for a new club, reunion on the cards? :/ LINK/MEDIA	Random Fylde player of the day- day 3/100\n\nLuke Brennan \n\nJoined on loan from MENTION and showed some good stuff in his 6 games. A pacer & attacking winger. Left Blackburn at the end of the previous season and is now looking for a new club, reunion on the cards? ğŸ¤” LINK/MEDIA	MENTION Please try to keep them sweet! ğŸ˜Š	MENTION Please try to keep them sweet! :)	2	QQ_emote192-emoji192_emoji124-emote124--1		emotives
193	But there is still one question that remains, did she die doing this or survive? ğŸ¤”ğŸ¤”ğŸ¤”ğŸ¤”ğŸ˜€REMOVEDEMOJI MENTION MENTION MENTION MENTION MENTION #WandaMaximoff #ScarletWitch LINK/MEDIA	But there is still one question that remains, did she die doing this or survive? :////:)REMOVEDEMOJI MENTION MENTION MENTION MENTION MENTION #WandaMaximoff #ScarletWitch LINK/MEDIA	Going to the beach today. I'm already dressed in my swimming costume underneath my clothes.\nI'm so excited. I feel like a kid REMOVEDEMOJI:)REMOVEDEMOJI	Going to the beach today. I'm already dressed in my swimming costume underneath my clothes.\nI'm so excited. I feel like a kid REMOVEDEMOJIğŸ˜REMOVEDEMOJI	2	QQ_emoji193-emote193_emote107-emoji107--1		emotives
194	MENTION MENTION MENTION MENTION Taking money? Whoâ€™s funding â€œyouâ€ Soros? And, what â€œpoliciesâ€ are widely agreed onâ€¦.the ineffective, moronic anti-American policies that you/Libs are trying to FORCE upon the American Peopleâ€¦the ones that are FAILING IN DEMOCRATIC CITIES?-ğŸ¤”REMOVEDEMOJIğŸ¤”	MENTION MENTION MENTION MENTION Taking money? Whoâ€™s funding â€œyouâ€ Soros? And, what â€œpoliciesâ€ are widely agreed onâ€¦.the ineffective, moronic anti-American policies that you/Libs are trying to FORCE upon the American Peopleâ€¦the ones that are FAILING IN DEMOCRATIC CITIES?-:/REMOVEDEMOJI:/	MENTION hii ğŸ˜ LINK/MEDIA	MENTION hii :] LINK/MEDIA	1	QQ_emoji194-emote194_emoji22-emote22--0		emotives
195	The worst part is the so-called rich, educated, & civilized ones are the main culprits here...REMOVEDEMOJI:/REMOVEDEMOJI	The worst part is the so-called rich, educated, & civilized ones are the main culprits here...REMOVEDEMOJIğŸ˜ŸREMOVEDEMOJI	New Music Friday: In this Weekâ€™s edition we have MENTION MENTION MENTION MENTION MENTION who blessed us with Albums/EPâ€™s.\n\nWeâ€™re blessed with singles from your favorites, enjoy ;) LINK/MEDIA	New Music Friday: In this Weekâ€™s edition we have MENTION MENTION MENTION MENTION MENTION who blessed us with Albums/EPâ€™s.\n\nWeâ€™re blessed with singles from your favorites, enjoy ğŸ˜‰ LINK/MEDIA	1	QQ_emote195-emoji195_emote163-emoji163--0		emotives
196	I recently open my twitter again after 2 weeks, and I see MDZS trending for 2 days already? What's up? What's happening? ğŸ¤”	I recently open my twitter again after 2 weeks, and I see MDZS trending for 2 days already? What's up? What's happening? :\	MENTION MENTION 10 day is better than 60 ğŸ˜˜	MENTION MENTION 10 day is better than 60 ;)	1	QQ_emoji196-emote196_emoji56-emote56--0		emotives
197	REMOVEDEMOJI:/REMOVEDEMOJI #knownews ##blockchain ##cryptocurrency #bitcoin #eth The case for Bitcoin as a hedge against inflation Bitcoin LINK/MEDIA	REMOVEDEMOJIğŸ¤”REMOVEDEMOJI #knownews ##blockchain ##cryptocurrency #bitcoin #eth The case for Bitcoin as a hedge against inflation Bitcoin LINK/MEDIA	I recently open my twitter again after 2 weeks, and I see MDZS trending for 2 days already? What's up? What's happening? ğŸ¤”	I recently open my twitter again after 2 weeks, and I see MDZS trending for 2 days already? What's up? What's happening? :\	2	QQ_emote197-emoji197_emoji196-emote196--1		emotives
198	MENTION Oh dear. REMOVEDEMOJI I'm not sure the effect you mean. ğŸ¤” If it's bad, should I not release any more?	MENTION Oh dear. REMOVEDEMOJI I'm not sure the effect you mean. :/ If it's bad, should I not release any more?	MENTION I was researching sunscreens and found this one brand called sun milk ğŸ¤”	MENTION I was researching sunscreens and found this one brand called sun milk :/	1	QQ_emoji198-emote198_emoji80-emote80--0		emotives
199	MENTION True. Which I'm not REMOVEDEMOJI:/	MENTION True. Which I'm not REMOVEDEMOJIğŸ¤”	MENTION MENTION MENTION MENTION MENTION MENTION \nMENTION\nDone sir, i participateREMOVEDEMOJI:o	MENTION MENTION MENTION MENTION MENTION MENTION \nMENTION\nDone sir, i participateREMOVEDEMOJIğŸ˜®	1	QQ_emote199-emoji199_emote129-emoji129--0		emotives
